fevGlobal,T,layerCount,neuronCount,mean_RMSE,std_RMSE,var_RMSE,runs_count,all_RMSEs
10,4,4,2,0.5803050032423666,0.06321333241282265,0.003995925394734014,4,"[np.float64(0.47293974954230994), np.float64(0.6256805574846366), np.float64(0.5958709590602889), np.float64(0.6267287468822308)]"
5,8,4,2,0.6330266154729539,0.0,0.0,1,[np.float64(0.6330266154729539)]
8,5,3,3,0.6422620722703162,0.05860552520020184,0.0034346075839914933,6,"[np.float64(0.5745109948394622), np.float64(0.6438629164836699), np.float64(0.565916170452833), np.float64(0.7195537784607505), np.float64(0.7071625913546533), np.float64(0.6425659820305283)]"
8,5,4,2,0.6621601466213037,0.04805636024422757,0.002309413759922976,7,"[np.float64(0.6514071573930218), np.float64(0.6241638458976252), np.float64(0.5935877282905561), np.float64(0.7328900309186911), np.float64(0.7294981792751196), np.float64(0.6605061120837565), np.float64(0.6430679724903559)]"
10,4,3,3,0.6708643399627938,0.03185781984801819,0.001014920685468782,7,"[np.float64(0.7150401307339331), np.float64(0.6743215398500291), np.float64(0.7013879234978112), np.float64(0.6080665079953955), np.float64(0.6665206800306885), np.float64(0.6750056802216028), np.float64(0.6557079174100965)]"
5,8,3,3,0.6995031868553746,0.037415891167095656,0.0013999489118279467,7,"[np.float64(0.6382849334203562), np.float64(0.6889541061679757), np.float64(0.7043622931986065), np.float64(0.6890740133230558), np.float64(0.7058994794809162), np.float64(0.6946557976704311), np.float64(0.7752916847262805)]"
10,4,2,4,0.7236902741411494,0.01873034561820366,0.00035082584697736105,7,"[np.float64(0.7039888241564227), np.float64(0.7103380416855867), np.float64(0.7439978655979369), np.float64(0.7400251317238199), np.float64(0.7415942524742603), np.float64(0.6947972165747355), np.float64(0.7310905867752838)]"
5,8,2,4,0.7984401040930378,0.12976782497662628,0.016839688399164315,7,"[np.float64(0.7120540640589429), np.float64(1.0893121692478374), np.float64(0.7185748313054906), np.float64(0.8147970956782519), np.float64(0.8427720219778131), np.float64(0.7020741210340361), np.float64(0.7094964253488929)]"
8,5,2,4,0.848493333669057,0.17667905202298892,0.03121548742374202,5,"[np.float64(1.057530171965388), np.float64(0.6907303898607203), np.float64(1.0715941942318599), np.float64(0.7050953270992107), np.float64(0.7175165851881056)]"
